{"cameraMode":{"drawMode":0,"name":"Shaded","section":"Shading Mode"},"sceneLighting":true,"audioPlay":false,"sceneViewState":{"showFog":true,"showMaterialUpdate":false,"showSkybox":true,"showFlares":true,"showImageEffects":true,"showParticleSystems":true},"in2DMode":false,"pivot":{"x":-26.327131271362306,"y":-25.283340454101564,"z":1.714808464050293},"rotation":{"x":0.2808248698711395,"y":-0.5794978737831116,"z":0.22230324149131776,"w":0.7320525050163269},"size":47.25994110107422,"orthographic":false}