{"cameraMode":{"drawMode":0,"name":"Shaded","section":"Shading Mode"},"sceneLighting":false,"audioPlay":false,"sceneViewState":{"showFog":true,"showMaterialUpdate":false,"showSkybox":true,"showFlares":true,"showImageEffects":true,"showParticleSystems":true},"in2DMode":false,"pivot":{"x":0.12399446964263916,"y":0.47802025079727175,"z":0.01143503189086914},"rotation":{"x":0.023254450410604478,"y":0.9359814524650574,"z":0.06298241019248963,"w":-0.34558823704719546},"size":1.588118553161621,"orthographic":false}