{"cameraMode":{"drawMode":0,"name":"Shaded","section":"Shading Mode"},"sceneLighting":false,"audioPlay":false,"sceneViewState":{"showFog":true,"showMaterialUpdate":false,"showSkybox":true,"showFlares":true,"showImageEffects":true,"showParticleSystems":true},"in2DMode":false,"pivot":{"x":-1.862645149230957e-9,"y":0.011538758873939515,"z":0.0016601779498159886},"rotation":{"x":0.0238228477537632,"y":-0.8383276462554932,"z":0.036753419786691669,"w":0.5434045195579529},"size":0.08811851590871811,"orthographic":false}