{"cameraMode":{"drawMode":0,"name":"Shaded","section":"Shading Mode"},"sceneLighting":false,"audioPlay":false,"sceneViewState":{"showFog":false,"showMaterialUpdate":false,"showSkybox":false,"showFlares":false,"showImageEffects":false,"showParticleSystems":false},"in2DMode":false,"pivot":{"x":-2.9481420516967775,"y":2.330399990081787,"z":-2.447547674179077},"rotation":{"x":-0.7071160078048706,"y":0.002531107049435377,"z":-0.0025493751745671036,"w":-0.7071186304092407},"size":8.05931568145752,"orthographic":false}