{"cameraMode":{"drawMode":0,"name":"Shaded","section":"Shading Mode"},"sceneLighting":false,"audioPlay":false,"sceneViewState":{"showFog":false,"showMaterialUpdate":false,"showSkybox":false,"showFlares":false,"showImageEffects":false,"showParticleSystems":false},"in2DMode":false,"pivot":{"x":-1.4050086736679078,"y":0.6484375,"z":-2.3517532348632814},"rotation":{"x":0.4821425676345825,"y":-0.00262813875451684,"z":0.0014465771382674575,"w":0.8760875463485718},"size":16.600831985473634,"orthographic":true}