{"cameraMode":{"drawMode":0,"name":"Shaded","section":"Shading Mode"},"sceneLighting":false,"audioPlay":false,"sceneViewState":{"showFog":false,"showMaterialUpdate":false,"showSkybox":false,"showFlares":false,"showImageEffects":false,"showParticleSystems":false},"in2DMode":false,"pivot":{"x":-3.970369338989258,"y":-22.75790023803711,"z":11.622397422790528},"rotation":{"x":0.4742434620857239,"y":-0.0013163299299776555,"z":0.0007170979515649378,"w":0.8804043531417847},"size":41.5217399597168,"orthographic":false}