{"cameraMode":{"drawMode":0,"name":"Shaded","section":"Shading Mode"},"sceneLighting":false,"audioPlay":false,"sceneViewState":{"showFog":false,"showMaterialUpdate":false,"showSkybox":false,"showFlares":false,"showImageEffects":false,"showParticleSystems":false},"in2DMode":false,"pivot":{"x":-6.420047283172607,"y":-23.84218406677246,"z":0.9199874997138977},"rotation":{"x":0.6484973430633545,"y":0.000004350144536147127,"z":0.0000037910656374151587,"w":0.7612307071685791},"size":17.280725479125978,"orthographic":true}